round1winnervotes,round2winnervotes,round3winnervotes,round4winnervotes,round5winnervotes,round6winnervotes,round7winnervotes,total_votes_allrounds,num_candidates,noise,spoiled
11076,0,0,0,0,0,0,11076,3,0.02666666666666667,1
 4809, 5709, 7145, 9557,14209,0,0,41429,6,0.008333333333333333,1
 8248,0,0,0,0,0,0,8248,3,0.0033333333333333327,1
 2351,0,0,0,0,0,0,2351,3,0.013333333333333334,1
10748,18645,0,0,0,0,0,29393,3,0.01,1
 6221, 9346,0,0,0,0,0,15567,3,0.02,1
 5261,0,0,0,0,0,0,5261,3,0.03333333333333333,1
 3633, 4894,0,0,0,0,0,8527,3,0.03,1
 1235, 1724,0,0,0,0,0,2959,3,0.0,1
16326,19108,30187,0,0,0,0,65621,4,0.015,1
 9194,11481,14277,19990,0,0,0,54942,5,0.004,1
418,527,689, 1066,0,0,0,2700,5,0.006,1
 2379, 2603,0,0,0,0,0,4982,3,0.016666666666666666,1
29663,0,0,0,0,0,0,29663,3,0.01,1
231,401,0,0,0,0,0,632,3,0.02333333333333333,1
 7547,13789,0,0,0,0,0,21336,3,0.02666666666666667,1
14944,0,0,0,0,0,0,14944,3,0.03333333333333333,1
 2280, 3358,0,0,0,0,0,5638,3,0.03666666666666667,1
13974,0,0,0,0,0,0,13974,3,0.04666666666666667,1
10234,11585,15991,0,0,0,0,37810,4,0.0025,1
 7154, 8405,11287,16695,0,0,0,43541,5,0.002,1
 8914,14249,0,0,0,0,0,23163,3,0.006666666666666667,1
 2654,0,0,0,0,0,0,2654,3,0.013333333333333334,1
17700,23072,0,0,0,0,0,40772,3,0.02,1
 8507,11756,0,0,0,0,0,20263,3,0.03666666666666667,1
10469,12772,17248,0,0,0,0,40489,4,0.0075,1
12659,14460,21596,0,0,0,0,48715,4,0.01,1
 5501, 7887,10834,0,0,0,0,24222,4,0.035,1
 5269, 6343, 7915,11543,0,0,0,31070,5,0.012,1
 3147, 3887,0,0,0,0,0,7034,3,0.013333333333333334,1
 3552, 5743,0,0,0,0,0,9295,3,0.02333333333333333,1
 3941, 5613,0,0,0,0,0,9554,3,0.043333333333333335,1
11703,16246,0,0,0,0,0,27949,3,0.04666666666666667,1
 4734, 5688, 8232,0,0,0,0,18654,4,0.015,1
11927,15790,23309,0,0,0,0,51026,4,0.0175,1
 2631, 3159, 4446, 5989,0,0,0,16225,5,0.008,1
 3431, 4149, 5576, 8409,0,0,0,21565,5,0.028000000000000004,1
12418,20217,0,0,0,0,0,32635,3,0.006666666666666667,1
14138,20859,0,0,0,0,0,34997,3,0.03333333333333333,1
11647,15850,22966,0,0,0,0,50463,4,0.0125,1
 9639,13418,18225,0,0,0,0,41282,4,0.025,1
 4796, 6061, 8992,0,0,0,0,19849,4,0.0,1
 6991, 8112,10102,14722,0,0,0,39927,5,0.008,1
22512,0,0,0,0,0,0,22512,3,0.02666666666666667,1
13714,0,0,0,0,0,0,13714,3,0.02,1
 5285,0,0,0,0,0,0,5285,3,0.03333333333333333,1
 2319, 2666,0,0,0,0,0,4985,3,0.03,1
 4115, 5998,0,0,0,0,0,10113,3,0.0,1
 5762, 7176, 8513,0,0,0,0,21451,4,0.0025,1
10588,13178,17947,0,0,0,0,41713,4,0.02,1
 4998, 6352, 8454,12149,0,0,0,31953,5,0.004,1
15098,22032,0,0,0,0,0,37130,3,0.0033333333333333327,1
 6415,12374,0,0,0,0,0,18789,3,0.006666666666666667,1
 4475, 7074,0,0,0,0,0,11549,3,0.03333333333333333,1
23176,30417,0,0,0,0,0,53593,3,0.03,1
12331,15049,21720,0,0,0,0,49100,4,0.025,1
11270,16661,24726,0,0,0,0,52657,4,0.0275,1
 1815, 2074, 2614, 3934,0,0,0,10437,5,0.018000000000000002,1
14386,16210,0,0,0,0,0,30596,3,0.013333333333333334,1
 5222,0,0,0,0,0,0,5222,3,0.016666666666666666,1
 8490,0,0,0,0,0,0,8490,3,0.02333333333333333,1
18833,0,0,0,0,0,0,18833,3,0.03333333333333333,1
13105,22114,0,0,0,0,0,35219,3,0.04666666666666667,1
12125,16345,21676,0,0,0,0,50146,4,0.0125,1
718,873, 1374,0,0,0,0,2965,4,0.02,1
18380,25214,0,0,0,0,0,43594,3,0.01,1
16576,19578,0,0,0,0,0,36154,3,0.02,1
18879,23812,0,0,0,0,0,42691,3,0.03333333333333333,1
23877,0,0,0,0,0,0,23877,3,0.0,1
16814,18335,22452,0,0,0,0,57601,4,0.01,1
 3652, 4891, 7721,0,0,0,0,16264,4,0.035,1
 6999, 9343,11877,0,0,0,0,28219,4,0.03,1
21317,0,0,0,0,0,0,21317,3,0.006666666666666667,1
 7963, 9819,0,0,0,0,0,17782,3,0.016666666666666666,1
 6182, 9806,0,0,0,0,0,15988,3,0.02666666666666667,1
14343,21033,0,0,0,0,0,35376,3,0.04666666666666667,1
25060,0,0,0,0,0,0,25060,3,0.04,1
 1175, 1284, 2100,0,0,0,0,4559,4,0.005,1
 1482, 1708, 2370,0,0,0,0,5560,4,0.025,1
 6746, 7892,10443,15851,0,0,0,40932,5,0.006,1
 5967, 7162, 8847,13159,0,0,0,35135,5,0.018000000000000002,1
17474,18225,26981,0,0,0,0,62680,4,0.0025,1
 4552, 5544, 7132,10345,0,0,0,27573,5,0.014000000000000002,1
 8555,10371,12218,16257,23809,0,0,71210,6,0.005,1
 8957, 9581,0,0,0,0,0,18538,3,0.013333333333333334,1
 2236, 2792,0,0,0,0,0,5028,3,0.01,1
13566,0,0,0,0,0,0,13566,3,0.02333333333333333,1
 2988, 4084, 6403,0,0,0,0,13475,4,0.005,1
 6180, 7482, 9137,12358,18366,0,0,53523,6,0.006666666666666667,1
10457,15974,0,0,0,0,0,26431,3,0.0033333333333333327,1
423,0,0,0,0,0,0,423,3,0.01,1
 8692,13096,0,0,0,0,0,21788,3,0.02333333333333333,1
974, 1437,0,0,0,0,0,2411,3,0.02666666666666667,1
16863,0,0,0,0,0,0,16863,3,0.04,1
 8016,12531,16739,0,0,0,0,37286,4,0.0175,1
 3602, 4295, 6722,0,0,0,0,14619,4,0.0225,1
 3057, 3844, 4809, 7127,0,0,0,18837,5,0.004,1
 2186, 2876, 3655, 5419,0,0,0,14136,5,0.006,1
 7050, 8448,11348,16841,0,0,0,43687,5,0.01,1
15173,22028,0,0,0,0,0,37201,3,0.013333333333333334,1
14790,25070,0,0,0,0,0,39860,3,0.03,1
15358,19308,0,0,0,0,0,34666,3,0.043333333333333335,1
 3237, 3684, 5387,0,0,0,0,12308,4,0.005,1
 6650, 8004, 9761,13223,19174,0,0,56812,6,0.013333333333333334,1
18307,26582,0,0,0,0,0,44889,3,0.0033333333333333327,1
 1476, 2422,0,0,0,0,0,3898,3,0.03666666666666667,1
12827,20959,0,0,0,0,0,33786,3,0.043333333333333335,1
10802,15879,0,0,0,0,0,26681,3,0.04666666666666667,1
 8405,10185,14116,0,0,0,0,32706,4,0.0225,1
 5066, 5813, 7627,11793,0,0,0,30299,5,0.018000000000000002,1
 5853, 7070, 9499,13679,0,0,0,36101,5,0.022000000000000002,1
17822,0,0,0,0,0,0,17822,3,0.02,1
 8856,0,0,0,0,0,0,8856,3,0.03333333333333333,1
 7057,11239,0,0,0,0,0,18296,3,0.0,1
 7214, 8100,11374,0,0,0,0,26688,4,0.015,1
 3528, 3989, 5967,0,0,0,0,13484,4,0.035,1
 2431, 2987, 4095, 6146,0,0,0,15659,5,0.002,1
 1583, 1961, 2617, 3983,0,0,0,10144,5,0.022000000000000002,1
 5263, 6841, 9013,13397,0,0,0,34514,5,0.028000000000000004,1
 7874, 9773,0,0,0,0,0,17647,3,0.02333333333333333,1
 7374, 9218,0,0,0,0,0,16592,3,0.04,1
16309,18445,0,0,0,0,0,34754,3,0.0,1
 7749,11042,17353,0,0,0,0,36144,4,0.0175,1
 7182, 8750,10965,14610,21620,0,0,63127,6,0.015,1
17432,19366,0,0,0,0,0,36798,3,0.0033333333333333327,1
 9887,11035,0,0,0,0,0,20922,3,0.006666666666666667,1
10409,14763,0,0,0,0,0,25172,3,0.013333333333333334,1
14645,20513,0,0,0,0,0,35158,3,0.02666666666666667,1
 5148, 6078,0,0,0,0,0,11226,3,0.02,1
 3747, 4627, 5479,0,0,0,0,13853,4,0.02,1
 7495, 9723,11990,17369,0,0,0,46577,5,0.026,1
 3562,0,0,0,0,0,0,3562,3,0.0033333333333333327,1
15051,0,0,0,0,0,0,15051,3,0.006666666666666667,1
 3560, 5735,0,0,0,0,0,9295,3,0.02333333333333333,1
 8307, 9522,0,0,0,0,0,17829,3,0.03666666666666667,1
25060,0,0,0,0,0,0,25060,3,0.0,1
11272,15687,23415,0,0,0,0,50374,4,0.03,1
 8085,10595,16900,0,0,0,0,35580,4,0.0,1
 3375, 3883, 4647, 5738, 7599,11308,0,36550,7,0.0,1
22667,30680,0,0,0,0,0,53347,3,0.013333333333333334,1
 7366, 9818,12378,18304,0,0,0,47866,5,0.006,1
 3846, 4594, 5675, 7442,10944,0,0,32501,6,0.02,1
17522,21764,0,0,0,0,0,39286,3,0.0033333333333333327,1
13952,19349,0,0,0,0,0,33301,3,0.013333333333333334,1
 8845,13801,0,0,0,0,0,22646,3,0.02333333333333333,1
 4977,0,0,0,0,0,0,4977,3,0.02666666666666667,1
18347,0,0,0,0,0,0,18347,3,0.043333333333333335,1
 8927,10347,0,0,0,0,0,19274,3,0.04666666666666667,1
16729,0,0,0,0,0,0,16729,3,0.0,1
10132,12830,17716,0,0,0,0,40678,4,0.0,1
19190,28005,0,0,0,0,0,47195,3,0.02666666666666667,1
 9133,11434,18251,0,0,0,0,38818,4,0.0075,1
 5773, 8683,12973,0,0,0,0,27429,4,0.035,1
 9220,10345,14762,0,0,0,0,34327,4,0.03,1
 5029, 6088, 7663,11869,0,0,0,30649,5,0.024,1
 3883, 5009, 6500, 9803,0,0,0,25195,5,0.0,1
13536,22296,0,0,0,0,0,35832,3,0.0033333333333333327,1
 1407, 1735,0,0,0,0,0,3142,3,0.02666666666666667,1
 8207, 9660,0,0,0,0,0,17867,3,0.03333333333333333,1
 9280,0,0,0,0,0,0,9280,3,0.04,1
 3832, 5115, 7547,0,0,0,0,16494,4,0.01,1
11440,15620,21242,0,0,0,0,48302,4,0.0225,1
 5639, 7732,11863,0,0,0,0,25234,4,0.035,1
 8451,10220,12666,19014,0,0,0,50351,5,0.016,1
 7546,12278,0,0,0,0,0,19824,3,0.013333333333333334,1
12473,16890,0,0,0,0,0,29363,3,0.016666666666666666,1
13856,19837,0,0,0,0,0,33693,3,0.02666666666666667,1
 3729, 6084,0,0,0,0,0,9813,3,0.02,1
 9111,11522,15906,0,0,0,0,36539,4,0.0025,1
 1379, 1895, 2809,0,0,0,0,6083,4,0.025,1
 6263, 7239, 8626,10653,14200,21187,0,68168,7,0.0071428571428571435,1
486,522,0,0,0,0,0,1008,3,0.01,1
 2201, 2505, 2910, 3462, 4315, 5765, 8630,29788,8,0.0025,1
426,671,0,0,0,0,0,1097,3,0.006666666666666667,1
612,813,0,0,0,0,0,1425,3,0.01,1
 8542,10650,0,0,0,0,0,19192,3,0.02333333333333333,1
 7569,10074,0,0,0,0,0,17643,3,0.02,1
14923,24694,0,0,0,0,0,39617,3,0.03333333333333333,1
 2940, 4336,0,0,0,0,0,7276,3,0.03666666666666667,1
16286,18577,0,0,0,0,0,34863,3,0.04666666666666667,1
 8766,10900,0,0,0,0,0,19666,3,0.0,1
 6838, 7402,11336,0,0,0,0,25576,4,0.0075,1
 1258, 1462, 1929, 2832,0,0,0,7481,5,0.024,1
 3751, 4688, 6230, 8715,0,0,0,23384,5,0.02,1
 5412, 6161, 7168, 8565,10694,14211,21331,73542,8,0.0075,1
 4518, 6819,0,0,0,0,0,11337,3,0.0033333333333333327,1
14687,21220,0,0,0,0,0,35907,3,0.03666666666666667,1
 9802,10779,0,0,0,0,0,20581,3,0.043333333333333335,1
19981,25193,0,0,0,0,0,45174,3,0.04,1
 5423, 7245, 9529,0,0,0,0,22197,4,0.025,1
19699,0,0,0,0,0,0,19699,3,0.016666666666666666,1
 4646, 6074,0,0,0,0,0,10720,3,0.02,1
16332,22475,0,0,0,0,0,38807,3,0.03333333333333333,1
14012,19559,0,0,0,0,0,33571,3,0.04666666666666667,1
12092,17943,0,0,0,0,0,30035,3,0.04,1
 9052,14019,0,0,0,0,0,23071,3,0.0,1
 9773,11951,17347,0,0,0,0,39071,4,0.0175,1
15062,19329,24214,0,0,0,0,58605,4,0.02,1
 4074, 6881,0,0,0,0,0,10955,3,0.0033333333333333327,1
19095,23564,0,0,0,0,0,42659,3,0.01,1
 7157,12205,0,0,0,0,0,19362,3,0.02333333333333333,1
13960,0,0,0,0,0,0,13960,3,0.03666666666666667,1
21795,23622,0,0,0,0,0,45417,3,0.03,1
16142,22019,0,0,0,0,0,38161,3,0.04666666666666667,1
10913,0,0,0,0,0,0,10913,3,0.0,1
 9800,14445,21880,0,0,0,0,46125,4,0.005,1
 7715,10689,14099,0,0,0,0,32503,4,0.0125,1
12624,19312,0,0,0,0,0,31936,3,0.02666666666666667,1
13196,13564,0,0,0,0,0,26760,3,0.02,1
 1006, 1446,0,0,0,0,0,2452,3,0.04,1
 2297, 2438, 3935,0,0,0,0,8670,4,0.005,1
13914,17233,24257,0,0,0,0,55404,4,0.01,1
 5228, 6962, 9275,13400,0,0,0,34865,5,0.006,1
13780,21525,0,0,0,0,0,35305,3,0.006666666666666667,1
12649,18543,0,0,0,0,0,31192,3,0.016666666666666666,1
20044,0,0,0,0,0,0,20044,3,0.03,1
11513,14134,20691,0,0,0,0,46338,4,0.0325,1
12575,16613,21703,0,0,0,0,50891,4,0.035,1
 3285, 4264, 5488,0,0,0,0,13037,4,0.03,1
 8036, 9568,11763,15788,23291,0,0,68446,6,0.008333333333333333,1
16289,25665,0,0,0,0,0,41954,3,0.02333333333333333,1
 8160, 9942,0,0,0,0,0,18102,3,0.03666666666666667,1
 7841, 8930,12244,18393,0,0,0,47408,5,0.012,1
 4300, 6826,0,0,0,0,0,11126,3,0.0033333333333333327,1
19308,0,0,0,0,0,0,19308,3,0.013333333333333334,1
12745,17260,0,0,0,0,0,30005,3,0.016666666666666666,1
 3263, 5445,0,0,0,0,0,8708,3,0.01,1
15649,24933,0,0,0,0,0,40582,3,0.02,1
 2008, 2958,0,0,0,0,0,4966,3,0.03,1
15421,16351,25744,0,0,0,0,57516,4,0.0125,1
 9413,12033,15152,0,0,0,0,36598,4,0.0325,1
10359,12069,16642,0,0,0,0,39070,4,0.03,1
567,710,0,0,0,0,0,1277,3,0.006666666666666667,1
 4701,0,0,0,0,0,0,4701,3,0.013333333333333334,1
 7035,11264,0,0,0,0,0,18299,3,0.03,1
 8721,12762,0,0,0,0,0,21483,3,0.04666666666666667,1
 3130, 3272,0,0,0,0,0,6402,3,0.04,1
 2200, 2435, 3402,0,0,0,0,8037,4,0.015,1
 8276,10543,14495,0,0,0,0,33314,4,0.01,1
 3089, 3531, 4834, 7298,0,0,0,18752,5,0.016,1
 3834, 4507, 5642, 8333,0,0,0,22316,5,0.018000000000000002,1
 2078, 2451, 3003, 4035, 6061,0,0,17628,6,0.006666666666666667,1
22763,0,0,0,0,0,0,22763,3,0.043333333333333335,1
 4881, 5747, 8853,0,0,0,0,19481,4,0.0275,1
 4334, 5242, 6581, 8848,13280,0,0,38285,6,0.01,1
 3122,0,0,0,0,0,0,3122,3,0.0033333333333333327,1
14841,22463,0,0,0,0,0,37304,3,0.006666666666666667,1
19390,25086,0,0,0,0,0,44476,3,0.013333333333333334,1
17330,25931,0,0,0,0,0,43261,3,0.03,1
950, 1309, 1868,0,0,0,0,4127,4,0.005,1
15436,18859,25427,0,0,0,0,59722,4,0.0225,1
10492,0,0,0,0,0,0,10492,3,0.0033333333333333327,1
 3168,0,0,0,0,0,0,3168,3,0.006666666666666667,1
17115,25243,0,0,0,0,0,42358,3,0.02333333333333333,1
 7923,11794,0,0,0,0,0,19717,3,0.02666666666666667,1
 6925,11298,0,0,0,0,0,18223,3,0.04666666666666667,1
10566,11236,16839,0,0,0,0,38641,4,0.0125,1
 4274, 5299, 6738,10112,0,0,0,26423,5,0.02,1
19219,25716,0,0,0,0,0,44935,3,0.02666666666666667,1
17410,18413,24933,0,0,0,0,60756,4,0.0025,1
 5552, 7476,11391,0,0,0,0,24419,4,0.015,1
12820,16099,23066,0,0,0,0,51985,4,0.0175,1
 1119, 1309, 1718, 2501,0,0,0,6647,5,0.0,1
16568,19376,0,0,0,0,0,35944,3,0.0033333333333333327,1
 3160,0,0,0,0,0,0,3160,3,0.01,1
 7515,10190,0,0,0,0,0,17705,3,0.03333333333333333,1
13472,16359,0,0,0,0,0,29831,3,0.03666666666666667,1
14774,0,0,0,0,0,0,14774,3,0.04666666666666667,1
10575,13066,19277,0,0,0,0,42918,4,0.01,1
10453,18193,0,0,0,0,0,28646,3,0.0033333333333333327,1
 7007,10328,0,0,0,0,0,17335,3,0.013333333333333334,1
16242,23591,0,0,0,0,0,39833,3,0.02333333333333333,1
 7234,10246,0,0,0,0,0,17480,3,0.03,1
12721,15098,23574,0,0,0,0,51393,4,0.0025,1
 6627, 8327,10854,0,0,0,0,25808,4,0.0125,1
11876,15237,18796,0,0,0,0,45909,4,0.01,1
 8519,10862,15396,0,0,0,0,34777,4,0.0275,1
 8932,14315,0,0,0,0,0,23247,3,0.03666666666666667,1
 6643,11349,0,0,0,0,0,17992,3,0.03,1
10544,18710,0,0,0,0,0,29254,3,0.043333333333333335,1
14503,20704,0,0,0,0,0,35207,3,0.04666666666666667,1
 7334, 9160,13061,0,0,0,0,29555,4,0.0225,1
17217,23067,0,0,0,0,0,40284,3,0.016666666666666666,1
16279,19264,0,0,0,0,0,35543,3,0.03666666666666667,1
 7975,10659,0,0,0,0,0,18634,3,0.0,1
 9424,11161,16222,0,0,0,0,36807,4,0.0175,1
 5387, 6252, 8810,0,0,0,0,20449,4,0.01,1
10839,13436,21082,0,0,0,0,45357,4,0.03,1
 4563, 5110, 7048, 9618,0,0,0,26339,5,0.024,1
17817,27342,0,0,0,0,0,45159,3,0.03333333333333333,1
 1757, 2421,0,0,0,0,0,4178,3,0.03666666666666667,1
10533,0,0,0,0,0,0,10533,3,0.043333333333333335,1
 3354, 4913,0,0,0,0,0,8267,3,0.04666666666666667,1
 9919,15222,0,0,0,0,0,25141,3,0.04,1
10542,13952,21017,0,0,0,0,45511,4,0.01,1
14198,17691,24011,0,0,0,0,55900,4,0.0325,1
604,824, 1141,0,0,0,0,2569,4,0.0,1
139,174,226,344,0,0,0,883,5,0.026,1
21197,0,0,0,0,0,0,21197,3,0.03333333333333333,1
 4867, 5655, 6727, 8262,11000,16520,0,53031,7,0.012857142857142857,1
 5332, 6587, 8642,13110,0,0,0,33671,5,0.008,1
 1021,0,0,0,0,0,0,1021,3,0.013333333333333334,1
 7702,11723,0,0,0,0,0,19425,3,0.016666666666666666,1
15679,24658,0,0,0,0,0,40337,3,0.01,1
 5433, 8214,0,0,0,0,0,13647,3,0.02333333333333333,1
 7642,10075,12665,18684,0,0,0,49066,5,0.014000000000000002,1
 2095, 2407, 2872, 3506, 4688, 7052,0,22620,7,0.0071428571428571435,1
 8549,14413,0,0,0,0,0,22962,3,0.006666666666666667,1
13853,18903,0,0,0,0,0,32756,3,0.01,1
 8011,12526,0,0,0,0,0,20537,3,0.02333333333333333,1
 2084, 2740,0,0,0,0,0,4824,3,0.02666666666666667,1
 1305, 2179,0,0,0,0,0,3484,3,0.03666666666666667,1
 1651,0,0,0,0,0,0,1651,3,0.043333333333333335,1
13690,16571,26430,0,0,0,0,56691,4,0.025,1
 8535,11069,16652,0,0,0,0,36256,4,0.0,1
 5435, 6831, 9433,14289,0,0,0,35988,5,0.022000000000000002,1
 4887, 8035,0,0,0,0,0,12922,3,0.0033333333333333327,1
12430,23208,0,0,0,0,0,35638,3,0.02333333333333333,1
17682,0,0,0,0,0,0,17682,3,0.02,1
11019,14237,18434,0,0,0,0,43690,4,0.01,1
 6904,10048,13404,0,0,0,0,30356,4,0.0275,1
 1950, 2048, 2821,0,0,0,0,6819,4,0.035,1
 2906, 3585, 4765, 7269,0,0,0,18525,5,0.018000000000000002,1
 1045, 1314,0,0,0,0,0,2359,3,0.006666666666666667,1
 4932,0,0,0,0,0,0,4932,3,0.013333333333333334,1
10799,18667,0,0,0,0,0,29466,3,0.016666666666666666,1
 2625, 3198,0,0,0,0,0,5823,3,0.02,1
15170,21917,0,0,0,0,0,37087,3,0.04666666666666667,1
 8547,10257,0,0,0,0,0,18804,3,0.04,1
18613,24817,0,0,0,0,0,43430,3,0.0,1
 5279, 7824,10815,0,0,0,0,23918,4,0.0075,1
 1630, 2173, 2993,0,0,0,0,6796,4,0.0175,1
19305,26210,0,0,0,0,0,45515,3,0.013333333333333334,1
17216,20497,0,0,0,0,0,37713,3,0.016666666666666666,1
15361,17820,0,0,0,0,0,33181,3,0.01,1
 1831, 2449,0,0,0,0,0,4280,3,0.02666666666666667,1
11546,13378,18545,0,0,0,0,43469,4,0.0125,1
11655,16722,24461,0,0,0,0,52838,4,0.0325,1
12918,15324,21242,0,0,0,0,49484,4,0.035,1
 3073, 3807, 4968, 6622,0,0,0,18470,5,0.016,1
781, 1357,0,0,0,0,0,2138,3,0.016666666666666666,1
18654,0,0,0,0,0,0,18654,3,0.03666666666666667,1
21246,25519,0,0,0,0,0,46765,3,0.04,1
11858,15310,20089,0,0,0,0,47257,4,0.0025,1
14217,18928,25057,0,0,0,0,58202,4,0.0125,1
10910,15909,0,0,0,0,0,26819,4,0.0,1
 2991, 3594, 4908, 6967,0,0,0,18460,5,0.002,1
584,797,0,0,0,0,0,1381,3,0.0033333333333333327,1
10809,16326,0,0,0,0,0,27135,3,0.013333333333333334,1
15248,18869,0,0,0,0,0,34117,3,0.02,1
13231,21312,0,0,0,0,0,34543,3,0.03333333333333333,1
18151,25159,0,0,0,0,0,43310,3,0.04,1
 5583, 8050,12390,0,0,0,0,26023,4,0.0325,1
11071,16030,26045,0,0,0,0,53146,4,0.035,1
 2202, 3010, 4299,0,0,0,0,9511,4,0.03,1
 9334,11902,14990,20658,0,0,0,56884,5,0.008,1
 9860,14031,0,0,0,0,0,23891,3,0.0033333333333333327,1
18134,22227,0,0,0,0,0,40361,3,0.013333333333333334,1
20134,0,0,0,0,0,0,20134,3,0.01,1
13998,0,0,0,0,0,0,13998,3,0.02333333333333333,1
 8685,0,0,0,0,0,0,8685,3,0.02666666666666667,1
 4957, 6180, 8431,0,0,0,0,19568,4,0.025,1
 3176,0,0,0,0,0,0,3176,3,0.0033333333333333327,1
 7262,11676,0,0,0,0,0,18938,3,0.013333333333333334,1
22037,0,0,0,0,0,0,22037,3,0.01,1
 2617, 3065, 4721,0,0,0,0,10403,4,0.0025,1
 9482,11780,17360,0,0,0,0,38622,4,0.0175,1
 7367, 9795,14583,0,0,0,0,31745,4,0.0325,1
 7597, 9280,12153,17520,0,0,0,46550,5,0.008,1
12123,13293,0,0,0,0,0,25416,3,0.013333333333333334,1
15014,20538,0,0,0,0,0,35552,3,0.01,1
31112,0,0,0,0,0,0,31112,3,0.02666666666666667,1
950, 1333,0,0,0,0,0,2283,3,0.02,1
12807,13911,0,0,0,0,0,26718,3,0.04,1
 5814, 7752,11718,0,0,0,0,25284,4,0.005,1
 8107,10780,15278,0,0,0,0,34165,4,0.0075,1
 4047, 5717, 7680,0,0,0,0,17444,4,0.0325,1
 8734,10431,13967,20765,0,0,0,53897,5,0.014000000000000002,1
17345,0,0,0,0,0,0,17345,3,0.0033333333333333327,1
10743,16574,0,0,0,0,0,27317,3,0.02,1
11022,12671,16647,0,0,0,0,40340,4,0.0275,1
 1765, 2098, 2651, 3936,0,0,0,10450,5,0.012,1
 3960, 4971, 6179, 8718,0,0,0,23828,5,0.018000000000000002,1
 9522,11951,15965,23705,0,0,0,61143,5,0.028000000000000004,1
12861,19382,0,0,0,0,0,32243,3,0.0033333333333333327,1
18770,0,0,0,0,0,0,18770,3,0.013333333333333334,1
 1394, 2218,0,0,0,0,0,3612,3,0.02333333333333333,1
 5321, 7351,0,0,0,0,0,12672,3,0.043333333333333335,1
10891,15297,0,0,0,0,0,26188,3,0.04666666666666667,1
644,805, 1181,0,0,0,0,2630,4,0.015,1
11591,12090,17673,0,0,0,0,41354,4,0.0175,1
 5406, 7398,10637,0,0,0,0,23441,4,0.0,1
 8734,10214,12679,18610,0,0,0,50237,5,0.012,1
 7965,0,0,0,0,0,0,7965,3,0.0033333333333333327,1
13458,15481,0,0,0,0,0,28939,3,0.013333333333333334,1
443,606,0,0,0,0,0,1049,3,0.016666666666666666,1
23638,0,0,0,0,0,0,23638,3,0.01,1
12800,0,0,0,0,0,0,12800,3,0.02,1
19338,24893,0,0,0,0,0,44231,3,0.043333333333333335,1
 4015, 5164, 8137,0,0,0,0,17316,4,0.005,1
 6656, 8329,13239,0,0,0,0,28224,4,0.025,1
12770,16190,25066,0,0,0,0,54026,4,0.0,1
11034,15152,0,0,0,0,0,26186,3,0.0033333333333333327,1
 1523, 2054,0,0,0,0,0,3577,3,0.03666666666666667,1
 4338, 8408,0,0,0,0,0,12746,3,0.0,1
11014,15207,19598,0,0,0,0,45819,4,0.0025,1
 7355, 8628,11068,14289,21128,0,0,62468,6,0.0016666666666666668,1
 6599, 9411,0,0,0,0,0,16010,3,0.013333333333333334,1
 5426, 6907,0,0,0,0,0,12333,3,0.016666666666666666,1
 7826,11352,0,0,0,0,0,19178,3,0.01,1
11495,15802,0,0,0,0,0,27297,3,0.02666666666666667,1
16637,26644,0,0,0,0,0,43281,3,0.03666666666666667,1
12023,0,0,0,0,0,0,12023,3,0.043333333333333335,1
 8856,12260,18274,0,0,0,0,39390,4,0.0125,1
 2250, 2479, 3176,0,0,0,0,7905,4,0.035,1
23858,0,0,0,0,0,0,23858,3,0.013333333333333334,1
 1883, 2174, 2588, 3189, 4249, 6261,0,20344,7,0.014285714285714287,1
 2838, 4910,0,0,0,0,0,7748,3,0.02666666666666667,1
 9804,12267,0,0,0,0,0,22071,3,0.04666666666666667,1
 6373, 8465,13050,0,0,0,0,27888,4,0.02,1
10628,12487,16795,24191,0,0,0,64101,5,0.026,1
 2511, 3395,0,0,0,0,0,5906,3,0.013333333333333334,1
 3059, 3558,0,0,0,0,0,6617,3,0.01,1
 8080,13590,0,0,0,0,0,21670,3,0.03666666666666667,1
18322,0,0,0,0,0,0,18322,3,0.03,1
 1966, 3366,0,0,0,0,0,5332,3,0.043333333333333335,1
10379,11344,0,0,0,0,0,21723,3,0.0,1
 4313, 4715, 6101,0,0,0,0,15129,4,0.005,1
 6474, 8217,12820,0,0,0,0,27511,4,0.035,1
 5625, 6520, 7760, 9683,12796,18995,0,61379,7,0.012857142857142857,1
 9470,11948,16506,0,0,0,0,37924,4,0.0075,1
783,915, 1096, 1361, 1810, 2755,0,8720,7,0.01,1
15317,17248,21279,0,0,0,0,53844,4,0.0275,1
11517,16010,0,0,0,0,0,27527,3,0.0033333333333333327,1
20520,21406,0,0,0,0,0,41926,3,0.01,1
 2873,0,0,0,0,0,0,2873,3,0.03,1
19442,20633,0,0,0,0,0,40075,3,0.04666666666666667,1
20675,23738,0,0,0,0,0,44413,3,0.0,1
11148,13231,21129,0,0,0,0,45508,4,0.02,1
 4816, 5490, 6411, 7669, 9601,12853,19247,66087,8,0.005,1
 4901, 5460,0,0,0,0,0,10361,3,0.0033333333333333327,1
 1952, 2860,0,0,0,0,0,4812,3,0.03333333333333333,1
10843,13612,17472,24057,0,0,0,65984,5,0.004,1
 8476,10159,13591,20528,0,0,0,52754,5,0.006,1
 8031, 8695,11640,16960,0,0,0,45326,5,0.028000000000000004,1
 9775,14837,0,0,0,0,0,24612,3,0.03666666666666667,1
 4328, 5094, 7259,0,0,0,0,16681,4,0.025,1
 9891,12566,19536,0,0,0,0,41993,4,0.035,1
 3510, 4054, 4847, 6087, 8013,11908,0,38419,7,0.011428571428571429,1
 4462, 4760,0,0,0,0,0,9222,3,0.01,1
17515,19347,0,0,0,0,0,36862,3,0.03,1
 6699, 7108,0,0,0,0,0,13807,3,0.04,1
13781,17031,22994,0,0,0,0,53806,4,0.0225,1
 4758, 6188,0,0,0,0,0,10946,3,0.02333333333333333,1
 9641,13070,0,0,0,0,0,22711,3,0.02666666666666667,1
 2936, 4911,0,0,0,0,0,7847,3,0.02,1
12625,21433,0,0,0,0,0,34058,3,0.03666666666666667,1
 2853, 3732,0,0,0,0,0,6585,3,0.04666666666666667,1
 7979,11818,0,0,0,0,0,19797,3,0.04,1
 8814,10754,13611,0,0,0,0,33179,4,0.0175,1
 5166, 7281,11116,0,0,0,0,23563,4,0.01,1
17101,19586,23498,0,0,0,0,60185,4,0.035,1
22002,0,0,0,0,0,0,22002,3,0.006666666666666667,1
11671,13845,18691,25722,0,0,0,69929,5,0.014000000000000002,1
875, 1022, 1246, 1622, 2426,0,0,7191,6,0.0033333333333333327,1
 5103, 8765,0,0,0,0,0,13868,3,0.016666666666666666,1
14905,18257,0,0,0,0,0,33162,3,0.03333333333333333,1
 1435, 2165,0,0,0,0,0,3600,3,0.0,1
12427,14998,20605,0,0,0,0,48030,4,0.0025,1
10257,11777,16452,0,0,0,0,38486,4,0.0125,1
 8949,10909,14012,0,0,0,0,33870,4,0.0275,1
 6758, 7917,11189,0,0,0,0,25864,4,0.03,1
 2586, 3040, 3750, 4950, 7584,0,0,21910,6,0.02333333333333333,1
 4325, 5200, 6543, 8769,13389,0,0,38226,6,0.02333333333333333,1
14878,20071,24112,0,0,0,0,59061,4,0.0125,1
12709,16469,24975,0,0,0,0,54153,4,0.0325,1
 5085, 6037, 8007,12456,0,0,0,31585,5,0.01,1
 9362,11913,15925,24679,0,0,0,61879,5,0.02,1
 9572,18089,0,0,0,0,0,27661,3,0.006666666666666667,1
 6173, 8135,0,0,0,0,0,14308,3,0.013333333333333334,1
14942,22016,0,0,0,0,0,36958,3,0.016666666666666666,1
 2781, 3653,0,0,0,0,0,6434,3,0.02333333333333333,1
13882,0,0,0,0,0,0,13882,3,0.04,1
10948,11808,16038,0,0,0,0,38794,4,0.005,1
 9874,12783,16955,0,0,0,0,39612,4,0.0225,1
 5086, 5995, 7588,10573,0,0,0,29242,5,0.022000000000000002,1
26165,0,0,0,0,0,0,26165,3,0.016666666666666666,1
304,488,0,0,0,0,0,792,3,0.02666666666666667,1
11055,16039,0,0,0,0,0,27094,3,0.03666666666666667,1
10959,12921,0,0,0,0,0,23880,3,0.043333333333333335,1
15405,20007,25764,0,0,0,0,61176,4,0.0025,1
 2488, 2980, 4326,0,0,0,0,9794,4,0.03,1
504,619,797,0,0,0,0,1920,4,0.0,1
14882,19483,0,0,0,0,0,34365,3,0.016666666666666666,1
 9792,13315,0,0,0,0,0,23107,3,0.02333333333333333,1
11566,0,0,0,0,0,0,11566,3,0.02666666666666667,1
 5916, 7198,0,0,0,0,0,13114,3,0.02,1
 8829,15313,0,0,0,0,0,24142,3,0.04666666666666667,1
19962,0,0,0,0,0,0,19962,3,0.04,1
 7627, 9277,11339,14946,22261,0,0,65450,6,0.0033333333333333327,1
18754,0,0,0,0,0,0,18754,3,0.006666666666666667,1
 9160,12532,0,0,0,0,0,21692,3,0.02,1
16849,22552,0,0,0,0,0,39401,3,0.03333333333333333,1
 4852, 5934,0,0,0,0,0,10786,3,0.04666666666666667,1
12433,15542,22622,0,0,0,0,50597,4,0.03,1
 7282,11471,0,0,0,0,0,18753,3,0.013333333333333334,1
 3540, 4193, 6075,0,0,0,0,13808,4,0.02,1
15927,18493,24090,0,0,0,0,58510,4,0.0,1
 6300, 7529, 9379,12340,18522,0,0,54070,6,0.006666666666666667,1
642,898,0,0,0,0,0,1540,3,0.013333333333333334,1
 5121, 6627,0,0,0,0,0,11748,3,0.01,1
 5350, 6316,0,0,0,0,0,11666,3,0.04,1
 7176, 8770,10901,14756,21674,0,0,63277,6,0.0,1
11632,20608,0,0,0,0,0,32240,3,0.03,1
 9838,13869,22129,0,0,0,0,45836,4,0.0225,1
 8487,10750,13255,20792,0,0,0,53284,5,0.016,1
 4775, 5734, 6962, 9174,13705,0,0,40350,6,0.005,1
18508,26876,0,0,0,0,0,45384,3,0.006666666666666667,1
 6839, 9462,0,0,0,0,0,16301,3,0.03666666666666667,1
11322,12955,0,0,0,0,0,24277,3,0.03,1
 8384,10899,16378,0,0,0,0,35661,4,0.0125,1
 8339,10651,18666,0,0,0,0,37656,4,0.025,1
760,910, 1224, 1833,0,0,0,4727,5,0.026,1
 5619, 5947, 9039,0,0,0,0,20605,4,0.0025,1
 3100, 3445, 5440,0,0,0,0,11985,4,0.0175,1
 6006, 8016,11549,0,0,0,0,25571,4,0.0,1
 7357, 8637,10397,13220,19559,0,0,59170,6,0.006666666666666667,1
15694,0,0,0,0,0,0,15694,3,0.01,1
19330,26074,0,0,0,0,0,45404,3,0.02666666666666667,1
18802,31061,0,0,0,0,0,49863,3,0.02,1
 3185, 5007,0,0,0,0,0,8192,3,0.04,1
13439,19748,0,0,0,0,0,33187,3,0.0,1
 7201, 8033,11084,16568,0,0,0,42886,5,0.02,1
 1738, 2897,0,0,0,0,0,4635,3,0.0033333333333333327,1
13482,16629,22966,0,0,0,0,53077,4,0.0225,1
 3913, 5422, 8711,0,0,0,0,18046,4,0.025,1
 8809,12643,17042,0,0,0,0,38494,4,0.0325,1
 9181,11440,14169,21103,0,0,0,55893,5,0.024,1
 2622, 3256, 4166, 6290,0,0,0,16334,5,0.02,1
23932,0,0,0,0,0,0,23932,3,0.006666666666666667,1
747, 1064,0,0,0,0,0,1811,3,0.03,1
 3234, 4153, 5872,0,0,0,0,13259,4,0.025,1
 4573, 5311, 7973,0,0,0,0,17857,4,0.0275,1
10215,15293,22589,0,0,0,0,48097,4,0.035,1
 7834, 8948,11271,17111,0,0,0,45164,5,0.004,1
 7770, 9196,11125,14806,21937,0,0,64834,6,0.021666666666666667,1
345,481,0,0,0,0,0,826,3,0.0033333333333333327,1
 2426, 3760,0,0,0,0,0,6186,3,0.02666666666666667,1
 8652,15089,0,0,0,0,0,23741,3,0.03333333333333333,1
 7147,10309,0,0,0,0,0,17456,3,0.03666666666666667,1
677,977, 1493,0,0,0,0,3147,4,0.02,1
14071,20670,0,0,0,0,0,34741,3,0.006666666666666667,1
13356,0,0,0,0,0,0,13356,3,0.016666666666666666,1
 3154, 3903,0,0,0,0,0,7057,3,0.01,1
 6367, 6780, 9586,0,0,0,0,22733,4,0.0175,1
 8136, 9809,13758,0,0,0,0,31703,4,0.01,1
 6719, 8120,10483,16107,0,0,0,41429,5,0.028000000000000004,1
15042,22802,0,0,0,0,0,37844,3,0.0033333333333333327,1
11726,18175,0,0,0,0,0,29901,3,0.006666666666666667,1
22659,0,0,0,0,0,0,22659,3,0.013333333333333334,1
13227,17556,26077,0,0,0,0,56860,4,0.0325,1
 5671, 7220, 9668,14017,0,0,0,36576,5,0.012,1
16949,0,0,0,0,0,0,16949,3,0.01,1
29241,0,0,0,0,0,0,29241,3,0.02666666666666667,1
 5738, 9761,0,0,0,0,0,15499,3,0.02,1
 8222,12977,0,0,0,0,0,21199,3,0.043333333333333335,1
20517,25656,0,0,0,0,0,46173,3,0.04,1
 5781, 8818,13492,0,0,0,0,28091,4,0.025,1
 6305, 7463,11290,0,0,0,0,25058,4,0.0325,1
 2202, 2636, 3429,0,0,0,0,8267,4,0.03,1
13592,14304,0,0,0,0,0,27896,3,0.006666666666666667,1
19780,23834,0,0,0,0,0,43614,3,0.04,1
 9310,11790,15242,0,0,0,0,36342,4,0.0075,1
185,245,351,0,0,0,0,781,4,0.015,1
 6775, 7964, 9537,11997,16052,24021,0,76346,7,0.0014285714285714286,1
15394,0,0,0,0,0,0,15394,3,0.02,1
 5529, 8308,0,0,0,0,0,13837,3,0.03666666666666667,1
14307,20451,0,0,0,0,0,34758,3,0.04,1
 2845, 3665, 4739,0,0,0,0,11249,4,0.0025,1
 1669, 2145, 2791, 4171,0,0,0,10776,5,0.024,1
16087,22616,0,0,0,0,0,38703,3,0.013333333333333334,1
11600,17195,0,0,0,0,0,28795,3,0.01,1
10769,15914,0,0,0,0,0,26683,3,0.03333333333333333,1
11425,16018,0,0,0,0,0,27443,3,0.03666666666666667,1
19886,0,0,0,0,0,0,19886,3,0.04,1
 1485, 1599, 2363,0,0,0,0,5447,4,0.02,1
 9333, 9909,14817,0,0,0,0,34059,4,0.0,1
 5380, 6396, 8128,12145,0,0,0,32049,5,0.01,1
29769,0,0,0,0,0,0,29769,3,0.0033333333333333327,1
 6145, 8846,0,0,0,0,0,14991,3,0.03333333333333333,1
531,639,0,0,0,0,0,1170,3,0.03,1
14531,19341,0,0,0,0,0,33872,3,0.04666666666666667,1
 9481,12486,0,0,0,0,0,21967,3,0.04,1
13452,15050,19333,0,0,0,0,47835,4,0.005,1
 5871, 7318, 8957,14139,0,0,0,36285,5,0.008,1
15123,21003,0,0,0,0,0,36126,3,0.0033333333333333327,1
19512,26241,0,0,0,0,0,45753,3,0.013333333333333334,1
 8254,10554,0,0,0,0,0,18808,3,0.02,1
 8491,11333,0,0,0,0,0,19824,3,0.03,1
 4164, 5984, 8280,0,0,0,0,18428,4,0.01,1
 6320, 8060,11698,0,0,0,0,26078,4,0.0275,1
 1573, 2178, 3363,0,0,0,0,7114,4,0.02,1
 2069, 2450, 3179,0,0,0,0,7698,4,0.035,1
 2770, 3330, 4345, 6369,0,0,0,16814,5,0.008,1
23539,0,0,0,0,0,0,23539,3,0.006666666666666667,1
20649,23122,0,0,0,0,0,43771,3,0.02666666666666667,1
 6334, 7173,0,0,0,0,0,13507,3,0.04,1
 6957, 8121,10051,13459,20313,0,0,58901,6,0.0016666666666666668,1
11660,0,0,0,0,0,0,11660,3,0.0033333333333333327,1
 4251, 4925,0,0,0,0,0,9176,3,0.02666666666666667,1
14050,19767,0,0,0,0,0,33817,3,0.03666666666666667,1
16103,19022,0,0,0,0,0,35125,3,0.04666666666666667,1
 5993, 7832,10675,0,0,0,0,24500,4,0.015,1
661,711, 1054,0,0,0,0,2426,4,0.02,1
 4363, 6294,0,0,0,0,0,10657,3,0.0033333333333333327,1
14768,22106,0,0,0,0,0,36874,3,0.02,1
 6091, 8828,0,0,0,0,0,14919,3,0.03666666666666667,1
 6770,0,0,0,0,0,0,6770,3,0.04666666666666667,1
 5793, 7887,10569,0,0,0,0,24249,4,0.0075,1
12029,15367,20817,0,0,0,0,48213,4,0.01,1
 7747, 9898,13123,0,0,0,0,30768,4,0.03,1
 5564, 7042, 9116,13233,0,0,0,34955,5,0.022000000000000002,1
15375,0,0,0,0,0,0,15375,3,0.013333333333333334,1
 4623, 7161,0,0,0,0,0,11784,3,0.016666666666666666,1
26626,0,0,0,0,0,0,26626,3,0.01,1
12222,18151,0,0,0,0,0,30373,3,0.02666666666666667,1
17454,25899,0,0,0,0,0,43353,3,0.0,1
 8027,11615,15001,0,0,0,0,34643,4,0.025,1
 2141, 2547, 3464, 5182,0,0,0,13334,5,0.026,1
 6718, 7952, 9535,12959,19498,0,0,56662,6,0.0033333333333333327,1
 2645, 3064, 4624,0,0,0,0,10333,4,0.01,1
 8939,11476,14686,21614,0,0,0,56715,5,0.02,1
 5447, 6314, 7617, 9470,12557,18889,0,60294,7,0.017142857142857144,1
14066,0,0,0,0,0,0,14066,3,0.02666666666666667,1
10959,12939,0,0,0,0,0,23898,3,0.0,1
 8226, 9026,12647,0,0,0,0,29899,4,0.0175,1
12242,15267,23680,0,0,0,0,51189,4,0.02,1
11308,15284,23359,0,0,0,0,49951,4,0.0325,1
19331,27292,0,0,0,0,0,46623,3,0.013333333333333334,1
 7912, 8613,0,0,0,0,0,16525,3,0.02,1
19426,28062,0,0,0,0,0,47488,3,0.03666666666666667,1
 1803,0,0,0,0,0,0,1803,3,0.03,1
 6276, 8651,0,0,0,0,0,14927,3,0.043333333333333335,1
18097,0,0,0,0,0,0,18097,3,0.04,1
23553,0,0,0,0,0,0,23553,3,0.0,1
 2365, 2804, 3925,0,0,0,0,9094,4,0.0025,1
 7105, 9612,12875,0,0,0,0,29592,4,0.005,1
12021,20860,0,0,0,0,0,32881,3,0.043333333333333335,1
 4200, 6288,0,0,0,0,0,10488,3,0.04,1
15823,24960,0,0,0,0,0,40783,3,0.0,1
13018,15710,20119,0,0,0,0,48847,4,0.0,1
 4228, 5230, 7001,10841,0,0,0,27300,5,0.004,1
 5869, 7103, 8413,11381,16515,0,0,49281,6,0.011666666666666669,1
14815,25221,0,0,0,0,0,40036,3,0.006666666666666667,1
13454,17557,0,0,0,0,0,31011,3,0.04,1
10544,12375,15273,21498,0,0,0,59690,5,0.01,1
 2246, 2743,0,0,0,0,0,4989,3,0.0033333333333333327,1
11381,18764,0,0,0,0,0,30145,3,0.006666666666666667,1
11115,0,0,0,0,0,0,11115,3,0.02,1
 9239,0,0,0,0,0,0,9239,3,0.03333333333333333,1
17044,23502,0,0,0,0,0,40546,3,0.03666666666666667,1
 5639, 8143,12272,0,0,0,0,26054,4,0.0175,1
 2871, 3596, 4838, 7459,0,0,0,18764,5,0.014000000000000002,1
16276,0,0,0,0,0,0,16276,3,0.01,1
31216,0,0,0,0,0,0,31216,3,0.02666666666666667,1
27022,0,0,0,0,0,0,27022,3,0.03333333333333333,1
13715,21438,0,0,0,0,0,35153,3,0.03,1
16991,25388,0,0,0,0,0,42379,3,0.0,1
 3190, 3937, 5171, 7283,0,0,0,19581,5,0.012,1
 2024, 2454, 3130, 4542,0,0,0,12150,5,0.026,1
 5094, 6815,0,0,0,0,0,11909,3,0.006666666666666667,1
 1592, 2818,0,0,0,0,0,4410,3,0.01,1
13480,16510,0,0,0,0,0,29990,3,0.03333333333333333,1
 2935, 3467,0,0,0,0,0,6402,3,0.0,1
 8339,11867,18419,0,0,0,0,38625,4,0.0175,1
 4496, 5784, 9100,0,0,0,0,19380,4,0.02,1
 9472,12156,16557,25113,0,0,0,63298,5,0.012,1
 2117, 3389,0,0,0,0,0,5506,3,0.01,1
 4070, 6187,0,0,0,0,0,10257,3,0.03,1
 4386, 5021, 5856, 6999, 8751,11654,17464,60131,8,0.01625,1
 3887, 5466,0,0,0,0,0,9353,3,0.04666666666666667,1
 6977, 9762,0,0,0,0,0,16739,3,0.013333333333333334,1
15591,24251,0,0,0,0,0,39842,3,0.016666666666666666,1
18514,21436,0,0,0,0,0,39950,3,0.03333333333333333,1
 2182, 2470, 3210,0,0,0,0,7862,4,0.015,1
 3356, 4649, 7133,0,0,0,0,15138,4,0.0225,1
 3480, 4946, 6755,0,0,0,0,15181,4,0.025,1
10872,13714,20242,0,0,0,0,44828,4,0.0275,1
 4515, 5531, 7261,11046,0,0,0,28353,5,0.02,1
18870,21736,0,0,0,0,0,40606,3,0.006666666666666667,1
365,525,0,0,0,0,0,890,3,0.02,1
16018,20914,0,0,0,0,0,36932,3,0.03333333333333333,1
 7577,11702,0,0,0,0,0,19279,3,0.03,1
 7277, 9963,0,0,0,0,0,17240,3,0.0,1
12886,17183,26151,0,0,0,0,56220,4,0.0025,1
14432,15597,23781,0,0,0,0,53810,4,0.0175,1
 8104, 9460,13085,18103,0,0,0,48752,5,0.016,1
 6075, 7341, 9442,13194,0,0,0,36052,5,0.014000000000000002,1
220,279,395,553,0,0,0,1447,5,0.018000000000000002,1
 5363, 6453, 8274,10915,16370,0,0,47375,6,0.008333333333333333,1
 6186, 7724,0,0,0,0,0,13910,3,0.006666666666666667,1
17245,23164,0,0,0,0,0,40409,3,0.016666666666666666,1
11874,16707,0,0,0,0,0,28581,3,0.01,1
887, 1044,0,0,0,0,0,1931,3,0.02666666666666667,1
10023,0,0,0,0,0,0,10023,3,0.02,1
 4231, 5187,0,0,0,0,0,9418,3,0.04,1
16188,0,0,0,0,0,0,16188,3,0.0,1
953, 1164, 1577,0,0,0,0,3694,4,0.0025,1
 1341, 1634, 2218,0,0,0,0,5193,4,0.0325,1
 7364, 8729,0,0,0,0,0,16093,3,0.016666666666666666,1
16886,21120,0,0,0,0,0,38006,3,0.02666666666666667,1
26680,0,0,0,0,0,0,26680,3,0.03666666666666667,1
 6065, 8697,0,0,0,0,0,14762,3,0.043333333333333335,1
15805,21938,0,0,0,0,0,37743,3,0.04,1
 9890,11551,16743,0,0,0,0,38184,4,0.02,1
18921,25242,0,0,0,0,0,44163,3,0.03666666666666667,1
11972,14829,22333,0,0,0,0,49134,4,0.0275,1
862, 1083, 1673,0,0,0,0,3618,4,0.0325,1
 4599, 5717, 8076,11670,0,0,0,30062,5,0.018000000000000002,1
 1378, 1640, 2077, 2694, 4061,0,0,11850,6,0.01833333333333333,1
19179,25957,0,0,0,0,0,45136,3,0.013333333333333334,1
33104,0,0,0,0,0,0,33104,3,0.02,1
24143,26991,0,0,0,0,0,51134,3,0.03,1
 4835, 7546,0,0,0,0,0,12381,3,0.043333333333333335,1
 9524,11941,16026,23266,0,0,0,60757,5,0.022000000000000002,1
 2420, 3111, 3809, 5966,0,0,0,15306,5,0.026,1
 5260, 7539,0,0,0,0,0,12799,3,0.02,1
 2622, 2989,0,0,0,0,0,5611,3,0.03,1
 4479, 6729,0,0,0,0,0,11208,3,0.04,1
13527,16317,26890,0,0,0,0,56734,4,0.025,1
11019,14908,26859,0,0,0,0,52786,4,0.0,1
 8616,10312,12757,17947,0,0,0,49632,5,0.014000000000000002,1
 2805, 3922,0,0,0,0,0,6727,3,0.0033333333333333327,1
16723,21597,0,0,0,0,0,38320,3,0.006666666666666667,1
15391,0,0,0,0,0,0,15391,3,0.013333333333333334,1
15726,0,0,0,0,0,0,15726,3,0.016666666666666666,1
 6289,0,0,0,0,0,0,6289,3,0.02,1
14825,22153,0,0,0,0,0,36978,3,0.03,1
 8663,10719,14154,0,0,0,0,33536,4,0.005,1
908, 1215, 1862,0,0,0,0,3985,4,0.0225,1
 4696, 5465, 7591,11170,0,0,0,28922,5,0.0,1
23625,0,0,0,0,0,0,23625,3,0.006666666666666667,1
 1973,0,0,0,0,0,0,1973,3,0.01,1
 6453, 8589,0,0,0,0,0,15042,3,0.02,1
13459,16221,0,0,0,0,0,29680,3,0.03333333333333333,1
20964,26225,0,0,0,0,0,47189,3,0.03666666666666667,1
 7529, 9807,0,0,0,0,0,17336,3,0.03,1
 2398, 4098,0,0,0,0,0,6496,3,0.04666666666666667,1
 1984, 2452, 3254, 5089,0,0,0,12779,5,0.006,1
 1429, 1670, 2050, 2772, 4183,0,0,12104,6,0.02,1
26816,0,0,0,0,0,0,26816,3,0.0033333333333333327,1
 8411,0,0,0,0,0,0,8411,3,0.016666666666666666,1
16225,23783,0,0,0,0,0,40008,3,0.03666666666666667,1
17557,23565,0,0,0,0,0,41122,3,0.04666666666666667,1
 8778,11294,17684,0,0,0,0,37756,4,0.0225,1
10793,15334,0,0,0,0,0,26127,3,0.016666666666666666,1
 4113, 6228,0,0,0,0,0,10341,3,0.02333333333333333,1
14588,19599,0,0,0,0,0,34187,3,0.02666666666666667,1
711,911, 1409,0,0,0,0,3031,4,0.0325,1
 1241, 1685, 2348,0,0,0,0,5274,4,0.03,1
 5769, 6536, 9572,0,0,0,0,21877,4,0.0,1
580,688,826, 1077, 1618,0,0,4789,6,0.011666666666666669,1
27374,0,0,0,0,0,0,27374,3,0.016666666666666666,1
 4521, 5895, 8826,0,0,0,0,19242,4,0.015,1
 5378, 6623, 9169,0,0,0,0,21170,4,0.02,1
 4109, 4689, 5672, 7120, 9494,14267,0,45351,7,0.01,1
 9156,0,0,0,0,0,0,9156,3,0.0033333333333333327,1
 7983,0,0,0,0,0,0,7983,3,0.016666666666666666,1
 7262,0,0,0,0,0,0,7262,3,0.01,1
 3325,0,0,0,0,0,0,3325,3,0.02666666666666667,1
844, 1536,0,0,0,0,0,2380,3,0.03333333333333333,1
 4651, 6276, 9586,0,0,0,0,20513,4,0.0125,1
16225,18879,28310,0,0,0,0,63414,4,0.02,1
 1357, 1708, 2006, 2986,0,0,0,8057,5,0.02,1
13426,17961,0,0,0,0,0,31387,3,0.006666666666666667,1
 5014,0,0,0,0,0,0,5014,3,0.02333333333333333,1
10800,19212,0,0,0,0,0,30012,3,0.03333333333333333,1
11483,12976,0,0,0,0,0,24459,3,0.043333333333333335,1
13699,18000,0,0,0,0,0,31699,3,0.04666666666666667,1
 4094,0,0,0,0,0,0,4094,3,0.04,1
 4724, 7134, 9408,0,0,0,0,21266,4,0.025,1
 8826,12245,17350,0,0,0,0,38421,4,0.0275,1
 3077, 4525, 6101,0,0,0,0,13703,4,0.02,1
 6919, 8513,11132,0,0,0,0,26564,4,0.0,1
12864,15829,0,0,0,0,0,28693,3,0.043333333333333335,1
17274,25592,0,0,0,0,0,42866,3,0.0,1
 9323,13163,20169,0,0,0,0,42655,4,0.0025,1
 3460, 4554, 6303,0,0,0,0,14317,4,0.0225,1
 5335, 6357, 8410,12502,0,0,0,32604,5,0.004,1
391,462,553,696,906, 1358,0,4366,7,0.0014285714285714286,1
 9097,12332,0,0,0,0,0,21429,3,0.01,1
12822,0,0,0,0,0,0,12822,3,0.02333333333333333,1
 7466, 9536,0,0,0,0,0,17002,3,0.02,1
12312,12980,16835,0,0,0,0,42127,4,0.0,1
10479,0,0,0,0,0,0,10479,3,0.03666666666666667,1
24380,0,0,0,0,0,0,24380,3,0.043333333333333335,1
14427,15756,23131,0,0,0,0,53314,4,0.0075,1
 8776,11424,18181,0,0,0,0,38381,4,0.0125,1
11173,13492,17215,25247,0,0,0,67127,5,0.016,1
 9176,13818,0,0,0,0,0,22994,3,0.02666666666666667,1
13843,16951,0,0,0,0,0,30794,3,0.03666666666666667,1
 5201, 8438,0,0,0,0,0,13639,3,0.03,1
 8053,14584,0,0,0,0,0,22637,3,0.0,1
200,248,306,0,0,0,0,754,4,0.0325,1
 2440, 2891, 3648, 4852, 7271,0,0,21102,6,0.01833333333333333,1
 5514, 8404,0,0,0,0,0,13918,3,0.03,1
29326,0,0,0,0,0,0,29326,3,0.043333333333333335,1
 1687, 1971, 2471, 3170, 4637,0,0,13936,6,0.021666666666666667,1
 9011,0,0,0,0,0,0,9011,3,0.013333333333333334,1
19839,0,0,0,0,0,0,19839,3,0.02,1
16737,22295,0,0,0,0,0,39032,3,0.03333333333333333,1
15795,21827,0,0,0,0,0,37622,3,0.04666666666666667,1
11657,16870,22357,0,0,0,0,50884,4,0.0025,1
16427,20663,0,0,0,0,0,37090,3,0.0033333333333333327,1
20925,31083,0,0,0,0,0,52008,3,0.006666666666666667,1
 6860, 8306,0,0,0,0,0,15166,3,0.02666666666666667,1
13964,18546,0,0,0,0,0,32510,3,0.03333333333333333,1
 6452, 9466,0,0,0,0,0,15918,3,0.03,1
 6390, 9666,0,0,0,0,0,16056,3,0.043333333333333335,1
 7048, 8993,13276,0,0,0,0,29317,4,0.0025,1
 3414, 4132, 6134,0,0,0,0,13680,4,0.0325,1
 5575, 6319, 8717,12801,0,0,0,33412,5,0.0,1
20547,29044,0,0,0,0,0,49591,3,0.04666666666666667,1
14593,20889,0,0,0,0,0,35482,3,0.04,1
 8559,10044,13991,0,0,0,0,32594,4,0.0025,1
 9895,12314,17229,25421,0,0,0,64859,5,0.01,1
20185,25647,0,0,0,0,0,45832,3,0.006666666666666667,1
10347,14300,0,0,0,0,0,24647,3,0.013333333333333334,1
10163,13758,0,0,0,0,0,23921,3,0.016666666666666666,1
 2431, 2865,0,0,0,0,0,5296,3,0.02333333333333333,1
17552,19560,0,0,0,0,0,37112,3,0.02666666666666667,1
 1672, 2586,0,0,0,0,0,4258,3,0.043333333333333335,1
13435,15965,0,0,0,0,0,29400,3,0.04666666666666667,1
26775,0,0,0,0,0,0,26775,3,0.04,1
20533,25923,0,0,0,0,0,46456,3,0.02,1
799, 1139,0,0,0,0,0,1938,3,0.03666666666666667,1
 2132, 2605,0,0,0,0,0,4737,3,0.03,1
 8965,10795,0,0,0,0,0,19760,3,0.04,1
 1466, 1914, 2495,0,0,0,0,5875,4,0.0075,1
 4260, 5762, 8851,0,0,0,0,18873,4,0.0175,1
 6858, 7817, 9854,0,0,0,0,24529,4,0.01,1
707,860, 1184,0,0,0,0,2751,4,0.0275,1
 2376, 2812, 3934, 5731,0,0,0,14853,5,0.024,1
 8860,10193,0,0,0,0,0,19053,3,0.02333333333333333,1
14505,21016,0,0,0,0,0,35521,3,0.02666666666666667,1
15813,16086,26199,0,0,0,0,58098,4,0.005,1
11146,14431,24245,0,0,0,0,49822,4,0.0225,1
 7843, 9478,14106,0,0,0,0,31427,4,0.02,1
10215,14129,18278,0,0,0,0,42622,4,0.03,1
 4246, 5556, 8293,0,0,0,0,18095,4,0.0,1
 1093, 1466,0,0,0,0,0,2559,3,0.013333333333333334,1
 3064, 5280,0,0,0,0,0,8344,3,0.02333333333333333,1
 9307,13687,0,0,0,0,0,22994,3,0.043333333333333335,1
 3685, 5190,0,0,0,0,0,8875,3,0.04666666666666667,1
 2421, 3291,0,0,0,0,0,5712,3,0.04,1
13911,17123,24240,0,0,0,0,55274,4,0.005,1
 7991,10458,15349,0,0,0,0,33798,4,0.0175,1
 6518, 8838,12135,0,0,0,0,27491,4,0.0275,1
 7172, 8662,11977,0,0,0,0,27811,4,0.02,1
14309,21314,0,0,0,0,0,35623,3,0.02333333333333333,1
 1567,0,0,0,0,0,0,1567,3,0.02666666666666667,1
10356,14951,0,0,0,0,0,25307,3,0.02,1
11966,13267,0,0,0,0,0,25233,3,0.03666666666666667,1
 5997,10426,0,0,0,0,0,16423,3,0.0,1
 3897, 4712, 6135,0,0,0,0,14744,4,0.005,1
 8745,11150,15805,0,0,0,0,35700,4,0.0,1
 9520,11096,14003,21300,0,0,0,55919,5,0.02,1
 7312, 8536,10547,13792,20659,0,0,60846,6,0.02,1
 4431, 6747,0,0,0,0,0,11178,3,0.016666666666666666,1
13480,21892,0,0,0,0,0,35372,3,0.01,1
 7092,0,0,0,0,0,0,7092,3,0.03666666666666667,1
10013,13574,18621,0,0,0,0,42208,4,0.035,1
25363,0,0,0,0,0,0,25363,3,0.006666666666666667,1
13281,21102,0,0,0,0,0,34383,3,0.03666666666666667,1
15383,0,0,0,0,0,0,15383,3,0.03,1
 9619,11911,17366,0,0,0,0,38896,4,0.035,1
10538,11991,15769,23849,0,0,0,62147,5,0.01,1
19480,30127,0,0,0,0,0,49607,3,0.0033333333333333327,1
 8516,13801,0,0,0,0,0,22317,3,0.016666666666666666,1
26689,0,0,0,0,0,0,26689,3,0.02333333333333333,1
16145,26738,0,0,0,0,0,42883,3,0.03666666666666667,1
 7979,0,0,0,0,0,0,7979,3,0.04,1
 7417, 9269,12537,0,0,0,0,29223,4,0.0025,1
389,428,0,0,0,0,0,817,3,0.0033333333333333327,1
 3362, 6027,0,0,0,0,0,9389,3,0.006666666666666667,1
14852,24545,0,0,0,0,0,39397,3,0.013333333333333334,1
 5002, 6707,0,0,0,0,0,11709,3,0.01,1
14228,18076,0,0,0,0,0,32304,3,0.02333333333333333,1
20465,28545,0,0,0,0,0,49010,3,0.04666666666666667,1
 6267, 8475,0,0,0,0,0,14742,3,0.0,1
 3029, 3705, 5273,0,0,0,0,12007,4,0.015,1
 2077, 2493, 3655,0,0,0,0,8225,4,0.03,1
 3761, 4441, 5561, 7521,11153,0,0,32437,6,0.01,1
14423,0,0,0,0,0,0,14423,3,0.016666666666666666,1
 6885,10543,0,0,0,0,0,17428,3,0.03666666666666667,1
15625,0,0,0,0,0,0,15625,3,0.043333333333333335,1
 5562, 7151, 9659,0,0,0,0,22372,4,0.0175,1
 4487, 4908, 7494,0,0,0,0,16889,4,0.0325,1
